Rk,Executive,Start,End,Notes
1,Peter Tyrell,1946,1952-04-26,
2,Eddie Gottlieb,1952-04-26,1963-08-07,
3,Bob Feerick,1963-08-07,1974-06-17,
4,Dick Vertlieb,1974-06-17,1976-05-18,
5,Al Attles,1976-06-03,1986-05-23,
6,Jack McMahon,1986-06-20,1987-12-31,
7,Don Nelson,1987-12-31,1995-02-13,
8,Ed Gregory,1995-02-13,1995-05-10,
9,Dave Twardzik,1995-05-10,1997-06-05,
10,Al Attles,1997-06-05,1997-07-12,
11,Garry St. Jean,1997-07-12,2004-04-22,
12,Chris Mullin,2004-04-22,2009-05-11,
13,Larry Riley,2009-05-11,2012-04-24,
14,Bob Myers,2012-04-24,2023-05-30,
15,Mike Dunleavy,2023-06-16,present,
